source_id,target_id,similarity
BigCodeBench/586,BigCodeBench/585,0.7199466
BigCodeBench/586,BigCodeBench/26,0.6065486
BigCodeBench/586,BigCodeBench/504,0.48518878
BigCodeBench/586,BigCodeBench/644,0.48422283
BigCodeBench/586,BigCodeBench/534,0.43441516
BigCodeBench/285,BigCodeBench/996,0.51719785
BigCodeBench/285,BigCodeBench/284,0.47718108
BigCodeBench/285,BigCodeBench/207,0.43996665
BigCodeBench/285,BigCodeBench/32,0.4070895
BigCodeBench/285,BigCodeBench/1038,0.39224246
BigCodeBench/478,BigCodeBench/481,0.78428346
BigCodeBench/478,BigCodeBench/480,0.7812444
BigCodeBench/478,BigCodeBench/482,0.75548756
BigCodeBench/478,BigCodeBench/1086,0.6086148
BigCodeBench/478,BigCodeBench/1070,0.5971999
BigCodeBench/967,BigCodeBench/970,0.44908834
BigCodeBench/967,BigCodeBench/966,0.4382367
BigCodeBench/967,BigCodeBench/448,0.4268861
BigCodeBench/967,BigCodeBench/476,0.42441356
BigCodeBench/967,BigCodeBench/312,0.41076416
BigCodeBench/1083,BigCodeBench/1001,0.61647147
BigCodeBench/1083,BigCodeBench/456,0.5795069
BigCodeBench/1083,BigCodeBench/1081,0.55381393
BigCodeBench/1083,BigCodeBench/160,0.53742033
BigCodeBench/1083,BigCodeBench/151,0.53361803
BigCodeBench/997,BigCodeBench/1041,0.43639567
BigCodeBench/997,BigCodeBench/722,0.43416423
BigCodeBench/997,BigCodeBench/1000,0.41867924
BigCodeBench/997,BigCodeBench/158,0.40103602
BigCodeBench/997,BigCodeBench/1118,0.385836
BigCodeBench/316,BigCodeBench/462,0.6382793
BigCodeBench/316,BigCodeBench/167,0.633043
BigCodeBench/316,BigCodeBench/165,0.59970176
BigCodeBench/316,BigCodeBench/163,0.58782506
BigCodeBench/316,BigCodeBench/909,0.5800854
BigCodeBench/290,BigCodeBench/332,0.70198697
BigCodeBench/290,BigCodeBench/957,0.644601
BigCodeBench/290,BigCodeBench/806,0.58382183
BigCodeBench/290,BigCodeBench/216,0.5817083
BigCodeBench/290,BigCodeBench/733,0.5595148
BigCodeBench/757,BigCodeBench/755,0.5758207
BigCodeBench/757,BigCodeBench/481,0.49120912
BigCodeBench/757,BigCodeBench/480,0.48491043
BigCodeBench/757,BigCodeBench/933,0.4613999
BigCodeBench/757,BigCodeBench/554,0.4417957
BigCodeBench/960,BigCodeBench/1119,0.69955003
BigCodeBench/960,BigCodeBench/959,0.6438987
BigCodeBench/960,BigCodeBench/479,0.5714959
BigCodeBench/960,BigCodeBench/843,0.5675845
BigCodeBench/960,BigCodeBench/24,0.5626335
BigCodeBench/837,BigCodeBench/948,0.7217245
BigCodeBench/837,BigCodeBench/835,0.71861017
BigCodeBench/837,BigCodeBench/877,0.63599956
BigCodeBench/837,BigCodeBench/949,0.604249
BigCodeBench/837,BigCodeBench/805,0.5926063
BigCodeBench/1078,BigCodeBench/970,0.73428726
BigCodeBench/1078,BigCodeBench/1061,0.7205075
BigCodeBench/1078,BigCodeBench/116,0.7057315
BigCodeBench/1078,BigCodeBench/312,0.5833143
BigCodeBench/1078,BigCodeBench/38,0.5819267
BigCodeBench/522,BigCodeBench/521,0.69438916
BigCodeBench/522,BigCodeBench/886,0.6701735
BigCodeBench/522,BigCodeBench/524,0.6683735
BigCodeBench/522,BigCodeBench/469,0.6436082
BigCodeBench/522,BigCodeBench/520,0.62325543
BigCodeBench/712,BigCodeBench/783,1.0
BigCodeBench/712,BigCodeBench/756,0.9708114
BigCodeBench/712,BigCodeBench/759,0.6908606
BigCodeBench/712,BigCodeBench/962,0.6573058
BigCodeBench/712,BigCodeBench/965,0.6367974
BigCodeBench/343,BigCodeBench/112,0.64389706
BigCodeBench/343,BigCodeBench/43,0.57504654
BigCodeBench/343,BigCodeBench/966,0.565457
BigCodeBench/343,BigCodeBench/225,0.52857727
BigCodeBench/343,BigCodeBench/9,0.5233243
BigCodeBench/651,BigCodeBench/514,0.57095283
BigCodeBench/651,BigCodeBench/109,0.5640706
BigCodeBench/651,BigCodeBench/846,0.55223227
BigCodeBench/651,BigCodeBench/653,0.53050643
BigCodeBench/651,BigCodeBench/652,0.5220274
BigCodeBench/248,BigCodeBench/209,0.54386973
BigCodeBench/248,BigCodeBench/470,0.53864574
BigCodeBench/248,BigCodeBench/588,0.5269227
BigCodeBench/248,BigCodeBench/250,0.52141076
BigCodeBench/248,BigCodeBench/197,0.5179449
BigCodeBench/1032,BigCodeBench/515,0.62883407
BigCodeBench/1032,BigCodeBench/98,0.62441695
BigCodeBench/1032,BigCodeBench/896,0.6180941
BigCodeBench/1032,BigCodeBench/1086,0.613951
BigCodeBench/1032,BigCodeBench/855,0.6076609
BigCodeBench/500,BigCodeBench/499,0.6483495
BigCodeBench/500,BigCodeBench/873,0.6381441
BigCodeBench/500,BigCodeBench/268,0.5213593
BigCodeBench/500,BigCodeBench/839,0.50355303
BigCodeBench/500,BigCodeBench/498,0.47889453
BigCodeBench/527,BigCodeBench/525,0.7843728
BigCodeBench/527,BigCodeBench/524,0.6679954
BigCodeBench/527,BigCodeBench/523,0.62863517
BigCodeBench/527,BigCodeBench/20,0.60283995
BigCodeBench/527,BigCodeBench/269,0.59750783
BigCodeBench/1112,BigCodeBench/85,0.6233014
BigCodeBench/1112,BigCodeBench/496,0.49108028
BigCodeBench/1112,BigCodeBench/485,0.47052872
BigCodeBench/1112,BigCodeBench/48,0.43697166
BigCodeBench/1112,BigCodeBench/646,0.43144685
BigCodeBench/44,BigCodeBench/46,0.7038336
BigCodeBench/44,BigCodeBench/43,0.62909836
BigCodeBench/44,BigCodeBench/47,0.627746
BigCodeBench/44,BigCodeBench/156,0.61695504
BigCodeBench/44,BigCodeBench/45,0.5583124
BigCodeBench/782,BigCodeBench/784,0.6256548
BigCodeBench/782,BigCodeBench/805,0.5571412
BigCodeBench/782,BigCodeBench/839,0.5552186
BigCodeBench/782,BigCodeBench/835,0.5449783
BigCodeBench/782,BigCodeBench/829,0.5141351
BigCodeBench/369,BigCodeBench/312,0.7155398
BigCodeBench/369,BigCodeBench/1061,0.6188925
BigCodeBench/369,BigCodeBench/366,0.5673915
BigCodeBench/369,BigCodeBench/622,0.56031656
BigCodeBench/369,BigCodeBench/38,0.55514705
BigCodeBench/941,BigCodeBench/491,0.711364
BigCodeBench/941,BigCodeBench/88,0.7059239
BigCodeBench/941,BigCodeBench/640,0.63002676
BigCodeBench/941,BigCodeBench/908,0.5857141
BigCodeBench/941,BigCodeBench/493,0.55233884
BigCodeBench/322,BigCodeBench/344,0.58874154
BigCodeBench/322,BigCodeBench/798,0.46782306
BigCodeBench/322,BigCodeBench/1103,0.43790326
BigCodeBench/322,BigCodeBench/759,0.43581867
BigCodeBench/322,BigCodeBench/974,0.4205102
BigCodeBench/411,BigCodeBench/1002,0.62949276
BigCodeBench/411,BigCodeBench/1007,0.59136474
BigCodeBench/411,BigCodeBench/1000,0.58745134
BigCodeBench/411,BigCodeBench/707,0.58284175
BigCodeBench/411,BigCodeBench/206,0.56422895
BigCodeBench/573,BigCodeBench/141,0.6941228
BigCodeBench/573,BigCodeBench/311,0.6548147
BigCodeBench/573,BigCodeBench/3,0.6254767
BigCodeBench/573,BigCodeBench/525,0.58652455
BigCodeBench/573,BigCodeBench/524,0.5781845
BigCodeBench/330,BigCodeBench/331,0.53684646
BigCodeBench/330,BigCodeBench/122,0.43439373
BigCodeBench/330,BigCodeBench/572,0.43311405
BigCodeBench/330,BigCodeBench/848,0.42741054
BigCodeBench/330,BigCodeBench/309,0.42384404
BigCodeBench/741,BigCodeBench/268,0.6781882
BigCodeBench/741,BigCodeBench/902,0.62316173
BigCodeBench/741,BigCodeBench/262,0.6166774
BigCodeBench/741,BigCodeBench/682,0.6086129
BigCodeBench/741,BigCodeBench/4,0.56057674
BigCodeBench/392,BigCodeBench/337,0.60117924
BigCodeBench/392,BigCodeBench/966,0.5920058
BigCodeBench/392,BigCodeBench/9,0.5226261
BigCodeBench/392,BigCodeBench/163,0.5210333
BigCodeBench/392,BigCodeBench/167,0.50983137
BigCodeBench/314,BigCodeBench/1041,0.66775477
BigCodeBench/314,BigCodeBench/1123,0.5458762
BigCodeBench/314,BigCodeBench/1067,0.5454113
BigCodeBench/314,BigCodeBench/207,0.46667677
BigCodeBench/314,BigCodeBench/74,0.44157726
BigCodeBench/695,BigCodeBench/1063,0.64314663
BigCodeBench/695,BigCodeBench/447,0.6408229
BigCodeBench/695,BigCodeBench/702,0.6219032
BigCodeBench/695,BigCodeBench/304,0.6195494
BigCodeBench/695,BigCodeBench/45,0.60402095
BigCodeBench/633,BigCodeBench/744,0.7317426
BigCodeBench/633,BigCodeBench/635,0.67065656
BigCodeBench/633,BigCodeBench/270,0.64667475
BigCodeBench/633,BigCodeBench/721,0.6425083
BigCodeBench/633,BigCodeBench/319,0.6421741
BigCodeBench/1011,BigCodeBench/1001,0.64832836
BigCodeBench/1011,BigCodeBench/995,0.6307758
BigCodeBench/1011,BigCodeBench/525,0.62303
BigCodeBench/1011,BigCodeBench/966,0.5911103
BigCodeBench/1011,BigCodeBench/9,0.5739598
BigCodeBench/557,BigCodeBench/556,0.5517645
BigCodeBench/557,BigCodeBench/198,0.550718
BigCodeBench/557,BigCodeBench/98,0.5168764
BigCodeBench/557,BigCodeBench/993,0.5047242
BigCodeBench/557,BigCodeBench/871,0.48961627
BigCodeBench/390,BigCodeBench/170,0.9320083
BigCodeBench/390,BigCodeBench/811,0.5282355
BigCodeBench/390,BigCodeBench/784,0.51099414
BigCodeBench/390,BigCodeBench/778,0.50401163
BigCodeBench/390,BigCodeBench/1108,0.50145066
BigCodeBench/137,BigCodeBench/41,0.55277795
BigCodeBench/137,BigCodeBench/134,0.46168745
BigCodeBench/137,BigCodeBench/156,0.41959083
BigCodeBench/137,BigCodeBench/140,0.41880894
BigCodeBench/137,BigCodeBench/240,0.3962558
BigCodeBench/920,BigCodeBench/515,0.81812716
BigCodeBench/920,BigCodeBench/57,0.7913381
BigCodeBench/920,BigCodeBench/47,0.76905906
BigCodeBench/920,BigCodeBench/40,0.7130555
BigCodeBench/920,BigCodeBench/639,0.7105548
BigCodeBench/803,BigCodeBench/710,0.7531834
BigCodeBench/803,BigCodeBench/742,0.6843152
BigCodeBench/803,BigCodeBench/29,0.61669093
BigCodeBench/803,BigCodeBench/151,0.6163043
BigCodeBench/803,BigCodeBench/140,0.6014497
BigCodeBench/533,BigCodeBench/505,0.6056607
BigCodeBench/533,BigCodeBench/433,0.57700133
BigCodeBench/533,BigCodeBench/412,0.552581
BigCodeBench/533,BigCodeBench/131,0.52913207
BigCodeBench/533,BigCodeBench/130,0.5259949
BigCodeBench/576,BigCodeBench/98,0.69993395
BigCodeBench/576,BigCodeBench/575,0.6841488
BigCodeBench/576,BigCodeBench/896,0.67911696
BigCodeBench/576,BigCodeBench/820,0.63900995
BigCodeBench/576,BigCodeBench/855,0.63608396
BigCodeBench/747,BigCodeBench/863,0.47067386
BigCodeBench/747,BigCodeBench/824,0.4353661
BigCodeBench/747,BigCodeBench/254,0.43024492
BigCodeBench/747,BigCodeBench/795,0.411709
BigCodeBench/747,BigCodeBench/1089,0.37149045
BigCodeBench/286,BigCodeBench/270,0.6200831
BigCodeBench/286,BigCodeBench/721,0.60550666
BigCodeBench/286,BigCodeBench/471,0.5995356
BigCodeBench/286,BigCodeBench/332,0.5903944
BigCodeBench/286,BigCodeBench/388,0.5652298
BigCodeBench/105,BigCodeBench/980,0.6477792
BigCodeBench/105,BigCodeBench/106,0.635908
BigCodeBench/105,BigCodeBench/700,0.6339793
BigCodeBench/105,BigCodeBench/515,0.5995289
BigCodeBench/105,BigCodeBench/136,0.5929996
BigCodeBench/451,BigCodeBench/447,0.61921823
BigCodeBench/451,BigCodeBench/517,0.59672725
BigCodeBench/451,BigCodeBench/978,0.5562565
BigCodeBench/451,BigCodeBench/1063,0.53832483
BigCodeBench/451,BigCodeBench/515,0.53488994
BigCodeBench/361,BigCodeBench/507,0.60470486
BigCodeBench/361,BigCodeBench/514,0.5509237
BigCodeBench/361,BigCodeBench/362,0.54054594
BigCodeBench/361,BigCodeBench/1089,0.53531957
BigCodeBench/361,BigCodeBench/966,0.51218045
BigCodeBench/1136,BigCodeBench/761,0.5237931
BigCodeBench/1136,BigCodeBench/923,0.5101788
BigCodeBench/1136,BigCodeBench/203,0.49520957
BigCodeBench/1136,BigCodeBench/32,0.46668312
BigCodeBench/1136,BigCodeBench/1122,0.4546084
BigCodeBench/884,BigCodeBench/788,0.5884853
BigCodeBench/884,BigCodeBench/750,0.53243077
BigCodeBench/884,BigCodeBench/805,0.51111215
BigCodeBench/884,BigCodeBench/835,0.50971234
BigCodeBench/884,BigCodeBench/877,0.49546027
BigCodeBench/1090,BigCodeBench/743,0.6859313
BigCodeBench/1090,BigCodeBench/113,0.66692746
BigCodeBench/1090,BigCodeBench/216,0.63520396
BigCodeBench/1090,BigCodeBench/830,0.5696376
BigCodeBench/1090,BigCodeBench/841,0.5660544
BigCodeBench/204,BigCodeBench/622,0.67729616
BigCodeBench/204,BigCodeBench/198,0.67486477
BigCodeBench/204,BigCodeBench/621,0.6258569
BigCodeBench/204,BigCodeBench/525,0.60083497
BigCodeBench/204,BigCodeBench/311,0.59871626
BigCodeBench/30,BigCodeBench/830,0.47487968
BigCodeBench/30,BigCodeBench/398,0.4594577
BigCodeBench/30,BigCodeBench/400,0.4428266
BigCodeBench/30,BigCodeBench/761,0.41859147
BigCodeBench/30,BigCodeBench/203,0.40087736
BigCodeBench/608,BigCodeBench/610,0.8479935
BigCodeBench/608,BigCodeBench/611,0.8337476
BigCodeBench/608,BigCodeBench/607,0.75999266
BigCodeBench/608,BigCodeBench/609,0.75907385
BigCodeBench/608,BigCodeBench/1070,0.5846923
BigCodeBench/96,BigCodeBench/721,0.9124937
BigCodeBench/96,BigCodeBench/216,0.69905996
BigCodeBench/96,BigCodeBench/1052,0.6896938
BigCodeBench/96,BigCodeBench/270,0.6759694
BigCodeBench/96,BigCodeBench/957,0.64195424
BigCodeBench/349,BigCodeBench/351,1.0
BigCodeBench/349,BigCodeBench/353,0.98895276
BigCodeBench/349,BigCodeBench/150,0.7694634
BigCodeBench/349,BigCodeBench/232,0.62292814
BigCodeBench/349,BigCodeBench/640,0.57615906
BigCodeBench/1050,BigCodeBench/847,0.6157041
BigCodeBench/1050,BigCodeBench/1130,0.6149707
BigCodeBench/1050,BigCodeBench/504,0.5829163
BigCodeBench/1050,BigCodeBench/1134,0.43917075
BigCodeBench/1050,BigCodeBench/1021,0.43611014
BigCodeBench/380,BigCodeBench/756,0.7577407
BigCodeBench/380,BigCodeBench/783,0.73959446
BigCodeBench/380,BigCodeBench/962,0.5755112
BigCodeBench/380,BigCodeBench/759,0.5409303
BigCodeBench/380,BigCodeBench/389,0.53430945
BigCodeBench/815,BigCodeBench/886,0.6605947
BigCodeBench/815,BigCodeBench/869,0.622554
BigCodeBench/815,BigCodeBench/829,0.59894335
BigCodeBench/815,BigCodeBench/152,0.5982983
BigCodeBench/815,BigCodeBench/117,0.584354
BigCodeBench/386,BigCodeBench/379,0.6814225
BigCodeBench/386,BigCodeBench/949,0.617407
BigCodeBench/386,BigCodeBench/141,0.58433247
BigCodeBench/386,BigCodeBench/1070,0.5804523
BigCodeBench/386,BigCodeBench/193,0.5695224
BigCodeBench/166,BigCodeBench/648,0.521719
BigCodeBench/166,BigCodeBench/88,0.47914234
BigCodeBench/166,BigCodeBench/497,0.47586447
BigCodeBench/166,BigCodeBench/491,0.45234284
BigCodeBench/166,BigCodeBench/646,0.4310122
BigCodeBench/10,BigCodeBench/311,0.76635695
BigCodeBench/10,BigCodeBench/8,0.74499494
BigCodeBench/10,BigCodeBench/11,0.71233964
BigCodeBench/10,BigCodeBench/3,0.699515
BigCodeBench/10,BigCodeBench/141,0.57076406
BigCodeBench/1111,BigCodeBench/1110,0.86592835
BigCodeBench/1111,BigCodeBench/912,0.6207001
BigCodeBench/1111,BigCodeBench/385,0.617252
BigCodeBench/1111,BigCodeBench/902,0.6036355
BigCodeBench/1111,BigCodeBench/4,0.5939133
BigCodeBench/745,BigCodeBench/675,0.5449084
BigCodeBench/745,BigCodeBench/673,0.48270082
BigCodeBench/745,BigCodeBench/671,0.45757687
BigCodeBench/745,BigCodeBench/820,0.44671285
BigCodeBench/745,BigCodeBench/890,0.4041219
BigCodeBench/317,BigCodeBench/1100,0.62959933
BigCodeBench/317,BigCodeBench/319,0.60173416
BigCodeBench/317,BigCodeBench/179,0.57650924
BigCodeBench/317,BigCodeBench/838,0.4968317
BigCodeBench/317,BigCodeBench/918,0.4813969
BigCodeBench/414,BigCodeBench/523,0.5884361
BigCodeBench/414,BigCodeBench/43,0.5872478
BigCodeBench/414,BigCodeBench/463,0.57808894
BigCodeBench/414,BigCodeBench/1002,0.57310486
BigCodeBench/414,BigCodeBench/134,0.5666826
BigCodeBench/375,BigCodeBench/702,0.69159216
BigCodeBench/375,BigCodeBench/45,0.61303115
BigCodeBench/375,BigCodeBench/1063,0.5930188
BigCodeBench/375,BigCodeBench/136,0.59236574
BigCodeBench/375,BigCodeBench/978,0.5241964
BigCodeBench/664,BigCodeBench/640,0.7023356
BigCodeBench/664,BigCodeBench/491,0.7003581
BigCodeBench/664,BigCodeBench/908,0.6177329
BigCodeBench/664,BigCodeBench/88,0.60107815
BigCodeBench/664,BigCodeBench/512,0.554325
BigCodeBench/1133,BigCodeBench/118,0.60820013
BigCodeBench/1133,BigCodeBench/1118,0.6017374
BigCodeBench/1133,BigCodeBench/158,0.5563878
BigCodeBench/1133,BigCodeBench/1041,0.5492562
BigCodeBench/1133,BigCodeBench/207,0.5173193
BigCodeBench/536,BigCodeBench/842,0.59877574
BigCodeBench/536,BigCodeBench/60,0.40301442
BigCodeBench/536,BigCodeBench/645,0.40085268
BigCodeBench/536,BigCodeBench/1131,0.38983393
BigCodeBench/536,BigCodeBench/873,0.38594186
BigCodeBench/172,BigCodeBench/497,0.5732016
BigCodeBench/172,BigCodeBench/650,0.4153285
BigCodeBench/172,BigCodeBench/648,0.37729084
BigCodeBench/172,BigCodeBench/301,0.33146217
BigCodeBench/172,BigCodeBench/626,0.30680966
BigCodeBench/921,BigCodeBench/680,0.7155168
BigCodeBench/921,BigCodeBench/140,0.7097317
BigCodeBench/921,BigCodeBench/156,0.69740653
BigCodeBench/921,BigCodeBench/151,0.6787458
BigCodeBench/921,BigCodeBench/420,0.6714564
BigCodeBench/103,BigCodeBench/661,0.54459417
BigCodeBench/103,BigCodeBench/485,0.533851
BigCodeBench/103,BigCodeBench/496,0.52686507
BigCodeBench/103,BigCodeBench/85,0.50031936
BigCodeBench/103,BigCodeBench/475,0.48555413
BigCodeBench/577,BigCodeBench/127,0.6885836
BigCodeBench/577,BigCodeBench/1134,0.6263501
BigCodeBench/577,BigCodeBench/154,0.6162578
BigCodeBench/577,BigCodeBench/585,0.5068591
BigCodeBench/577,BigCodeBench/130,0.50392854
BigCodeBench/984,BigCodeBench/345,0.761605
BigCodeBench/984,BigCodeBench/690,0.6145529
BigCodeBench/984,BigCodeBench/701,0.59804475
BigCodeBench/984,BigCodeBench/609,0.59702414
BigCodeBench/984,BigCodeBench/588,0.5966882
BigCodeBench/643,BigCodeBench/347,0.54280186
BigCodeBench/643,BigCodeBench/925,0.5035455
BigCodeBench/643,BigCodeBench/889,0.5024981
BigCodeBench/643,BigCodeBench/223,0.466221
BigCodeBench/643,BigCodeBench/140,0.4483183
BigCodeBench/822,BigCodeBench/1119,0.6932769
BigCodeBench/822,BigCodeBench/989,0.6756313
BigCodeBench/822,BigCodeBench/896,0.6498637
BigCodeBench/822,BigCodeBench/125,0.64624274
BigCodeBench/822,BigCodeBench/794,0.6454519
BigCodeBench/490,BigCodeBench/1009,0.71195567
BigCodeBench/490,BigCodeBench/498,0.6354469
BigCodeBench/490,BigCodeBench/1118,0.5454249
BigCodeBench/490,BigCodeBench/158,0.5133505
BigCodeBench/490,BigCodeBench/206,0.49066865
BigCodeBench/924,BigCodeBench/927,0.725382
BigCodeBench/924,BigCodeBench/645,0.6282742
BigCodeBench/924,BigCodeBench/938,0.58356905
BigCodeBench/924,BigCodeBench/674,0.5743197
BigCodeBench/924,BigCodeBench/838,0.5072693
BigCodeBench/1097,BigCodeBench/722,0.4295385
BigCodeBench/1097,BigCodeBench/808,0.4257766
BigCodeBench/1097,BigCodeBench/938,0.41054127
BigCodeBench/1097,BigCodeBench/1027,0.40066954
BigCodeBench/1097,BigCodeBench/372,0.37831175
BigCodeBench/531,BigCodeBench/691,0.64221954
BigCodeBench/531,BigCodeBench/809,0.6365757
BigCodeBench/531,BigCodeBench/623,0.63297755
BigCodeBench/531,BigCodeBench/51,0.6287757
BigCodeBench/531,BigCodeBench/1037,0.6272657
BigCodeBench/370,BigCodeBench/773,0.6581602
BigCodeBench/370,BigCodeBench/391,0.608565
BigCodeBench/370,BigCodeBench/260,0.6073003
BigCodeBench/370,BigCodeBench/400,0.5664279
BigCodeBench/370,BigCodeBench/118,0.48651654
BigCodeBench/737,BigCodeBench/738,0.70521307
BigCodeBench/737,BigCodeBench/311,0.5841167
BigCodeBench/737,BigCodeBench/621,0.5311698
BigCodeBench/737,BigCodeBench/622,0.45163018
BigCodeBench/737,BigCodeBench/0,0.44415045
BigCodeBench/665,BigCodeBench/372,0.52611494
BigCodeBench/665,BigCodeBench/759,0.507378
BigCodeBench/665,BigCodeBench/965,0.48685312
BigCodeBench/665,BigCodeBench/974,0.4720493
BigCodeBench/665,BigCodeBench/756,0.46687585
BigCodeBench/758,BigCodeBench/839,0.5666303
BigCodeBench/758,BigCodeBench/117,0.50093806
BigCodeBench/758,BigCodeBench/258,0.4838346
BigCodeBench/758,BigCodeBench/625,0.48325443
BigCodeBench/758,BigCodeBench/869,0.4680764
BigCodeBench/685,BigCodeBench/767,0.6815335
BigCodeBench/685,BigCodeBench/297,0.5519328
BigCodeBench/685,BigCodeBench/550,0.47475588
BigCodeBench/685,BigCodeBench/552,0.4652204
BigCodeBench/685,BigCodeBench/305,0.4637608
BigCodeBench/919,BigCodeBench/462,0.68518394
BigCodeBench/919,BigCodeBench/262,0.68221533
BigCodeBench/919,BigCodeBench/1043,0.66348135
BigCodeBench/919,BigCodeBench/167,0.6582335
BigCodeBench/919,BigCodeBench/1051,0.65496886
BigCodeBench/415,BigCodeBench/549,0.54942507
BigCodeBench/415,BigCodeBench/148,0.5412509
BigCodeBench/415,BigCodeBench/838,0.51325434
BigCodeBench/415,BigCodeBench/1091,0.50624716
BigCodeBench/415,BigCodeBench/1030,0.5045915
BigCodeBench/735,BigCodeBench/738,0.67277193
BigCodeBench/735,BigCodeBench/621,0.526994
BigCodeBench/735,BigCodeBench/311,0.525566
BigCodeBench/735,BigCodeBench/3,0.50070894
BigCodeBench/735,BigCodeBench/622,0.47476938
BigCodeBench/320,BigCodeBench/675,0.6701704
BigCodeBench/320,BigCodeBench/673,0.6512536
BigCodeBench/320,BigCodeBench/671,0.593969
BigCodeBench/320,BigCodeBench/890,0.51663923
BigCodeBench/320,BigCodeBench/1103,0.45134914
BigCodeBench/104,BigCodeBench/136,0.53357804
BigCodeBench/104,BigCodeBench/107,0.5232841
BigCodeBench/104,BigCodeBench/64,0.5164015
BigCodeBench/104,BigCodeBench/198,0.503019
BigCodeBench/104,BigCodeBench/623,0.50226927
BigCodeBench/1069,BigCodeBench/225,0.7178407
BigCodeBench/1069,BigCodeBench/1002,0.64056116
BigCodeBench/1069,BigCodeBench/982,0.63351876
BigCodeBench/1069,BigCodeBench/463,0.59965634
BigCodeBench/1069,BigCodeBench/134,0.59902334
BigCodeBench/65,BigCodeBench/64,0.6353153
BigCodeBench/65,BigCodeBench/523,0.62365687
BigCodeBench/65,BigCodeBench/475,0.585513
BigCodeBench/65,BigCodeBench/43,0.56733465
BigCodeBench/65,BigCodeBench/9,0.56132823
BigCodeBench/97,BigCodeBench/299,0.5737297
BigCodeBench/97,BigCodeBench/694,0.56668234
BigCodeBench/97,BigCodeBench/595,0.52595484
BigCodeBench/97,BigCodeBench/856,0.5092482
BigCodeBench/97,BigCodeBench/275,0.5005611
BigCodeBench/780,BigCodeBench/893,0.45389336
BigCodeBench/780,BigCodeBench/754,0.45384818
BigCodeBench/780,BigCodeBench/485,0.40321255
BigCodeBench/780,BigCodeBench/1076,0.39948517
BigCodeBench/780,BigCodeBench/778,0.3907378
BigCodeBench/259,BigCodeBench/257,0.7161256
BigCodeBench/259,BigCodeBench/255,0.6804929
BigCodeBench/259,BigCodeBench/253,0.5967841
BigCodeBench/259,BigCodeBench/467,0.5921354
BigCodeBench/259,BigCodeBench/318,0.5659764
BigCodeBench/1113,BigCodeBench/388,0.68006825
BigCodeBench/1113,BigCodeBench/68,0.61890286
BigCodeBench/1113,BigCodeBench/435,0.5729073
BigCodeBench/1113,BigCodeBench/1117,0.5376579
BigCodeBench/1113,BigCodeBench/1046,0.4472954
BigCodeBench/605,BigCodeBench/1064,0.792753
BigCodeBench/605,BigCodeBench/456,0.6833223
BigCodeBench/605,BigCodeBench/661,0.64870334
BigCodeBench/605,BigCodeBench/40,0.6129781
BigCodeBench/605,BigCodeBench/439,0.61286885
BigCodeBench/1127,BigCodeBench/127,0.5350909
BigCodeBench/1127,BigCodeBench/1130,0.52898896
BigCodeBench/1127,BigCodeBench/1134,0.523239
BigCodeBench/1127,BigCodeBench/504,0.4828022
BigCodeBench/1127,BigCodeBench/1021,0.46490043
BigCodeBench/7,BigCodeBench/908,0.52544934
BigCodeBench/7,BigCodeBench/801,0.5226965
BigCodeBench/7,BigCodeBench/512,0.48201293
BigCodeBench/7,BigCodeBench/507,0.47045153
BigCodeBench/7,BigCodeBench/786,0.46195552
BigCodeBench/1114,BigCodeBench/1117,0.5903733
BigCodeBench/1114,BigCodeBench/435,0.5462667
BigCodeBench/1114,BigCodeBench/1116,0.54312074
BigCodeBench/1114,BigCodeBench/1115,0.53212506
BigCodeBench/1114,BigCodeBench/68,0.45180672
BigCodeBench/78,BigCodeBench/1041,0.60823107
BigCodeBench/78,BigCodeBench/272,0.556873
BigCodeBench/78,BigCodeBench/1000,0.5429023
BigCodeBench/78,BigCodeBench/183,0.53942263
BigCodeBench/78,BigCodeBench/1007,0.5146693
BigCodeBench/561,BigCodeBench/1074,0.8973449
BigCodeBench/561,BigCodeBench/1107,0.74455154
BigCodeBench/561,BigCodeBench/626,0.6901014
BigCodeBench/561,BigCodeBench/647,0.6817893
BigCodeBench/561,BigCodeBench/485,0.5565467
BigCodeBench/986,BigCodeBench/987,0.64607656
BigCodeBench/986,BigCodeBench/743,0.6169375
BigCodeBench/986,BigCodeBench/525,0.5199571
BigCodeBench/986,BigCodeBench/158,0.51293075
BigCodeBench/986,BigCodeBench/202,0.4933393
BigCodeBench/133,BigCodeBench/742,0.6946918
BigCodeBench/133,BigCodeBench/156,0.6591395
BigCodeBench/133,BigCodeBench/134,0.61291695
BigCodeBench/133,BigCodeBench/140,0.571144
BigCodeBench/133,BigCodeBench/151,0.5575634
BigCodeBench/307,BigCodeBench/366,0.6302773
BigCodeBench/307,BigCodeBench/311,0.6083957
BigCodeBench/307,BigCodeBench/194,0.5911802
BigCodeBench/307,BigCodeBench/22,0.5537238
BigCodeBench/307,BigCodeBench/462,0.5530024
BigCodeBench/649,BigCodeBench/497,0.6853795
BigCodeBench/649,BigCodeBench/646,0.47503853
BigCodeBench/649,BigCodeBench/88,0.42934334
BigCodeBench/649,BigCodeBench/648,0.42696267
BigCodeBench/649,BigCodeBench/491,0.4092945
BigCodeBench/222,BigCodeBench/966,0.57937634
BigCodeBench/222,BigCodeBench/970,0.5628532
BigCodeBench/222,BigCodeBench/512,0.50828844
BigCodeBench/222,BigCodeBench/198,0.49791387
BigCodeBench/222,BigCodeBench/0,0.4752277
BigCodeBench/849,BigCodeBench/332,0.78905016
BigCodeBench/849,BigCodeBench/733,0.722039
BigCodeBench/849,BigCodeBench/732,0.70524234
BigCodeBench/849,BigCodeBench/721,0.6958567
BigCodeBench/849,BigCodeBench/471,0.68865794
BigCodeBench/119,BigCodeBench/588,0.58904433
BigCodeBench/119,BigCodeBench/143,0.56182164
BigCodeBench/119,BigCodeBench/476,0.53804266
BigCodeBench/119,BigCodeBench/1001,0.50749415
BigCodeBench/119,BigCodeBench/467,0.47520012
BigCodeBench/1128,BigCodeBench/27,0.59580624
BigCodeBench/1128,BigCodeBench/1130,0.5821065
BigCodeBench/1128,BigCodeBench/158,0.54446113
BigCodeBench/1128,BigCodeBench/412,0.5083045
BigCodeBench/1128,BigCodeBench/504,0.5054807
BigCodeBench/56,BigCodeBench/886,0.57238376
BigCodeBench/56,BigCodeBench/829,0.49640048
BigCodeBench/56,BigCodeBench/521,0.49368566
BigCodeBench/56,BigCodeBench/9,0.48564962
BigCodeBench/56,BigCodeBench/469,0.48069847
BigCodeBench/975,BigCodeBench/1070,0.7780831
BigCodeBench/975,BigCodeBench/949,0.75255144
BigCodeBench/975,BigCodeBench/174,0.72422314
BigCodeBench/975,BigCodeBench/976,0.6845802
BigCodeBench/975,BigCodeBench/909,0.6796303
BigCodeBench/54,BigCodeBench/658,0.67319226
BigCodeBench/54,BigCodeBench/332,0.5988196
BigCodeBench/54,BigCodeBench/635,0.59267503
BigCodeBench/54,BigCodeBench/55,0.57391113
BigCodeBench/54,BigCodeBench/270,0.5635172
BigCodeBench/1060,BigCodeBench/1002,0.6713408
BigCodeBench/1060,BigCodeBench/463,0.6140022
BigCodeBench/1060,BigCodeBench/470,0.60408366
BigCodeBench/1060,BigCodeBench/116,0.5996121
BigCodeBench/1060,BigCodeBench/599,0.5839468
BigCodeBench/483,BigCodeBench/838,0.6269082
BigCodeBench/483,BigCodeBench/480,0.59137785
BigCodeBench/483,BigCodeBench/935,0.58335423
BigCodeBench/483,BigCodeBench/481,0.5663456
BigCodeBench/483,BigCodeBench/674,0.549027
BigCodeBench/571,BigCodeBench/570,0.61339056
BigCodeBench/571,BigCodeBench/817,0.46704236
BigCodeBench/571,BigCodeBench/568,0.46519828
BigCodeBench/571,BigCodeBench/499,0.4354623
BigCodeBench/571,BigCodeBench/60,0.43255007
BigCodeBench/866,BigCodeBench/809,0.79583776
BigCodeBench/866,BigCodeBench/880,0.7786281
BigCodeBench/866,BigCodeBench/691,0.69453037
BigCodeBench/866,BigCodeBench/623,0.6675643
BigCodeBench/866,BigCodeBench/472,0.6674272
BigCodeBench/956,BigCodeBench/959,0.7170667
BigCodeBench/956,BigCodeBench/479,0.7098454
BigCodeBench/956,BigCodeBench/482,0.62463784
BigCodeBench/956,BigCodeBench/481,0.5962249
BigCodeBench/956,BigCodeBench/818,0.5857804
BigCodeBench/887,BigCodeBench/835,0.70630693
BigCodeBench/887,BigCodeBench/805,0.6642765
BigCodeBench/887,BigCodeBench/193,0.622187
BigCodeBench/887,BigCodeBench/856,0.5926225
BigCodeBench/887,BigCodeBench/875,0.57675487
BigCodeBench/858,BigCodeBench/1,0.8118673
BigCodeBench/858,BigCodeBench/862,0.7595698
BigCodeBench/858,BigCodeBench/98,0.7474121
BigCodeBench/858,BigCodeBench/305,0.72361064
BigCodeBench/858,BigCodeBench/855,0.71949923
BigCodeBench/943,BigCodeBench/465,0.52101254
BigCodeBench/943,BigCodeBench/754,0.49752367
BigCodeBench/943,BigCodeBench/877,0.45713136
BigCodeBench/943,BigCodeBench/466,0.45558447
BigCodeBench/943,BigCodeBench/491,0.44408053
BigCodeBench/506,BigCodeBench/872,0.63161135
BigCodeBench/506,BigCodeBench/85,0.62241054
BigCodeBench/506,BigCodeBench/43,0.6014705
BigCodeBench/506,BigCodeBench/871,0.59673345
BigCodeBench/506,BigCodeBench/1062,0.55296767
BigCodeBench/128,BigCodeBench/473,0.75025654
BigCodeBench/128,BigCodeBench/588,0.60693157
BigCodeBench/128,BigCodeBench/116,0.5011142
BigCodeBench/128,BigCodeBench/405,0.48716486
BigCodeBench/128,BigCodeBench/253,0.47550726
BigCodeBench/164,BigCodeBench/167,0.8264266
BigCodeBench/164,BigCodeBench/163,0.7949835
BigCodeBench/164,BigCodeBench/165,0.780769
BigCodeBench/164,BigCodeBench/168,0.7657976
BigCodeBench/164,BigCodeBench/462,0.71747077
BigCodeBench/90,BigCodeBench/450,0.44314718
BigCodeBench/90,BigCodeBench/472,0.4349414
BigCodeBench/90,BigCodeBench/809,0.43341136
BigCodeBench/90,BigCodeBench/787,0.42127854
BigCodeBench/90,BigCodeBench/518,0.41442645
BigCodeBench/713,BigCodeBench/893,0.5051726
BigCodeBench/713,BigCodeBench/817,0.49934256
BigCodeBench/713,BigCodeBench/1102,0.4798569
BigCodeBench/713,BigCodeBench/1106,0.45738074
BigCodeBench/713,BigCodeBench/1101,0.42836705
BigCodeBench/1010,BigCodeBench/1041,0.38711065
BigCodeBench/1010,BigCodeBench/158,0.36450964
BigCodeBench/1010,BigCodeBench/1018,0.36088467
BigCodeBench/1010,BigCodeBench/1122,0.35123405
BigCodeBench/1010,BigCodeBench/202,0.34949362
BigCodeBench/681,BigCodeBench/206,0.59084374
BigCodeBench/681,BigCodeBench/707,0.582703
BigCodeBench/681,BigCodeBench/645,0.580713
BigCodeBench/681,BigCodeBench/1000,0.55087173
BigCodeBench/681,BigCodeBench/1007,0.5423722
BigCodeBench/464,BigCodeBench/465,0.88750744
BigCodeBench/464,BigCodeBench/466,0.84443605
BigCodeBench/464,BigCodeBench/498,0.5297612
BigCodeBench/464,BigCodeBench/27,0.5024228
BigCodeBench/464,BigCodeBench/412,0.489763
BigCodeBench/186,BigCodeBench/185,0.4746886
BigCodeBench/186,BigCodeBench/589,0.42122144
BigCodeBench/186,BigCodeBench/450,0.41994852
BigCodeBench/186,BigCodeBench/472,0.40803397
BigCodeBench/186,BigCodeBench/874,0.38690484
BigCodeBench/627,BigCodeBench/640,0.7066497
BigCodeBench/627,BigCodeBench/786,0.6463759
BigCodeBench/627,BigCodeBench/232,0.64470756
BigCodeBench/627,BigCodeBench/88,0.61820006
BigCodeBench/627,BigCodeBench/150,0.5936607
BigCodeBench/1055,BigCodeBench/868,0.5975362
BigCodeBench/1055,BigCodeBench/1070,0.5925931
BigCodeBench/1055,BigCodeBench/64,0.57445645
BigCodeBench/1055,BigCodeBench/909,0.55488825
BigCodeBench/1055,BigCodeBench/1058,0.5178175
BigCodeBench/1065,BigCodeBench/155,0.6548588
BigCodeBench/1065,BigCodeBench/244,0.613991
BigCodeBench/1065,BigCodeBench/1064,0.5526506
BigCodeBench/1065,BigCodeBench/1062,0.5248439
BigCodeBench/1065,BigCodeBench/913,0.4849497
BigCodeBench/551,BigCodeBench/540,0.74153507
BigCodeBench/551,BigCodeBench/550,0.60541624
BigCodeBench/551,BigCodeBench/109,0.5632634
BigCodeBench/551,BigCodeBench/910,0.561728
BigCodeBench/551,BigCodeBench/470,0.5459466
BigCodeBench/50,BigCodeBench/48,0.6354305
BigCodeBench/50,BigCodeBench/475,0.6327706
BigCodeBench/50,BigCodeBench/1075,0.59904206
BigCodeBench/50,BigCodeBench/485,0.5732863
BigCodeBench/50,BigCodeBench/646,0.55460083
BigCodeBench/508,BigCodeBench/510,0.69341326
BigCodeBench/508,BigCodeBench/1134,0.52614766
BigCodeBench/508,BigCodeBench/433,0.5078722
BigCodeBench/508,BigCodeBench/127,0.5075194
BigCodeBench/508,BigCodeBench/504,0.5052095
BigCodeBench/1049,BigCodeBench/434,0.54585564
BigCodeBench/1049,BigCodeBench/938,0.5003267
BigCodeBench/1049,BigCodeBench/480,0.49099478
BigCodeBench/1049,BigCodeBench/487,0.4752584
BigCodeBench/1049,BigCodeBench/918,0.45895064
BigCodeBench/804,BigCodeBench/817,0.5945095
BigCodeBench/804,BigCodeBench/465,0.4909197
BigCodeBench/804,BigCodeBench/716,0.46872213
BigCodeBench/804,BigCodeBench/876,0.45141065
BigCodeBench/804,BigCodeBench/466,0.44217408
BigCodeBench/300,BigCodeBench/46,0.61162734
BigCodeBench/300,BigCodeBench/521,0.58315563
BigCodeBench/300,BigCodeBench/475,0.55364376
BigCodeBench/300,BigCodeBench/238,0.5286892
BigCodeBench/300,BigCodeBench/886,0.5189171
BigCodeBench/1024,BigCodeBench/449,0.679262
BigCodeBench/1024,BigCodeBench/463,0.6668764
BigCodeBench/1024,BigCodeBench/1002,0.6587384
BigCodeBench/1024,BigCodeBench/225,0.6242097
BigCodeBench/1024,BigCodeBench/588,0.6153947
BigCodeBench/688,BigCodeBench/140,0.73451304
BigCodeBench/688,BigCodeBench/680,0.66378814
BigCodeBench/688,BigCodeBench/29,0.65062904
BigCodeBench/688,BigCodeBench/693,0.63501716
BigCodeBench/688,BigCodeBench/420,0.6324129
BigCodeBench/519,BigCodeBench/520,0.72591877
BigCodeBench/519,BigCodeBench/640,0.6370448
BigCodeBench/519,BigCodeBench/232,0.6194385
BigCodeBench/519,BigCodeBench/523,0.6085416
BigCodeBench/519,BigCodeBench/512,0.58162326
BigCodeBench/442,BigCodeBench/441,0.7340682
BigCodeBench/442,BigCodeBench/439,0.70384467
BigCodeBench/442,BigCodeBench/1063,0.6915053
BigCodeBench/442,BigCodeBench/517,0.67678547
BigCodeBench/442,BigCodeBench/447,0.62272346
BigCodeBench/52,BigCodeBench/332,0.78913575
BigCodeBench/52,BigCodeBench/733,0.72886
BigCodeBench/52,BigCodeBench/471,0.7159561
BigCodeBench/52,BigCodeBench/732,0.70471954
BigCodeBench/52,BigCodeBench/270,0.7002256
BigCodeBench/632,BigCodeBench/1000,0.59298813
BigCodeBench/632,BigCodeBench/707,0.59219587
BigCodeBench/632,BigCodeBench/206,0.5699475
BigCodeBench/632,BigCodeBench/1007,0.5623747
BigCodeBench/632,BigCodeBench/1118,0.53555155
BigCodeBench/774,BigCodeBench/878,0.5425336
BigCodeBench/774,BigCodeBench/455,0.49854487
BigCodeBench/774,BigCodeBench/772,0.44462416
BigCodeBench/774,BigCodeBench/848,0.4307546
BigCodeBench/774,BigCodeBench/141,0.42472917
BigCodeBench/2,BigCodeBench/3,0.8431753
BigCodeBench/2,BigCodeBench/311,0.71124715
BigCodeBench/2,BigCodeBench/5,0.6880264
BigCodeBench/2,BigCodeBench/335,0.6868186
BigCodeBench/2,BigCodeBench/98,0.6305587
BigCodeBench/256,BigCodeBench/1119,0.7453103
BigCodeBench/256,BigCodeBench/547,0.6668433
BigCodeBench/256,BigCodeBench/24,0.6427721
BigCodeBench/256,BigCodeBench/644,0.57132024
BigCodeBench/256,BigCodeBench/271,0.56244045
BigCodeBench/295,BigCodeBench/299,0.71801734
BigCodeBench/295,BigCodeBench/293,0.6729918
BigCodeBench/295,BigCodeBench/297,0.6306578
BigCodeBench/295,BigCodeBench/311,0.5868772
BigCodeBench/295,BigCodeBench/11,0.538193
BigCodeBench/709,BigCodeBench/543,0.49107283
BigCodeBench/709,BigCodeBench/847,0.48467463
BigCodeBench/709,BigCodeBench/991,0.4778153
BigCodeBench/709,BigCodeBench/547,0.47673842
BigCodeBench/709,BigCodeBench/548,0.47074786
BigCodeBench/135,BigCodeBench/43,0.63723737
BigCodeBench/135,BigCodeBench/134,0.61361074
BigCodeBench/135,BigCodeBench/46,0.5899872
BigCodeBench/135,BigCodeBench/475,0.52862656
BigCodeBench/135,BigCodeBench/64,0.5273348
BigCodeBench/188,BigCodeBench/74,0.46228182
BigCodeBench/188,BigCodeBench/185,0.4141515
BigCodeBench/188,BigCodeBench/27,0.3197528
BigCodeBench/188,BigCodeBench/578,0.3114348
BigCodeBench/188,BigCodeBench/1001,0.3056625
BigCodeBench/833,BigCodeBench/868,0.66097796
BigCodeBench/833,BigCodeBench/193,0.6372676
BigCodeBench/833,BigCodeBench/856,0.6154798
BigCodeBench/833,BigCodeBench/8,0.6024604
BigCodeBench/833,BigCodeBench/694,0.5951867
BigCodeBench/31,BigCodeBench/210,0.7144658
BigCodeBench/31,BigCodeBench/138,0.7027223
BigCodeBench/31,BigCodeBench/436,0.67725575
BigCodeBench/31,BigCodeBench/936,0.6460239
BigCodeBench/31,BigCodeBench/319,0.63545877
BigCodeBench/69,BigCodeBench/1116,0.56333673
BigCodeBench/69,BigCodeBench/1115,0.5556918
BigCodeBench/69,BigCodeBench/251,0.5246111
BigCodeBench/69,BigCodeBench/751,0.47925317
BigCodeBench/69,BigCodeBench/194,0.47457606
BigCodeBench/280,BigCodeBench/244,0.58578205
BigCodeBench/280,BigCodeBench/913,0.4246058
BigCodeBench/280,BigCodeBench/355,0.38035098
BigCodeBench/280,BigCodeBench/247,0.3742529
BigCodeBench/280,BigCodeBench/467,0.34413671
BigCodeBench/457,BigCodeBench/470,0.69167376
BigCodeBench/457,BigCodeBench/366,0.6746452
BigCodeBench/457,BigCodeBench/622,0.6354477
BigCodeBench/457,BigCodeBench/540,0.62248504
BigCodeBench/457,BigCodeBench/244,0.6122879
BigCodeBench/546,BigCodeBench/778,0.5790462
BigCodeBench/546,BigCodeBench/876,0.5524763
BigCodeBench/546,BigCodeBench/170,0.47841978
BigCodeBench/546,BigCodeBench/1108,0.4729392
BigCodeBench/546,BigCodeBench/862,0.46495962
BigCodeBench/42,BigCodeBench/1063,0.73995864
BigCodeBench/42,BigCodeBench/45,0.6737329
BigCodeBench/42,BigCodeBench/304,0.64920634
BigCodeBench/42,BigCodeBench/447,0.60099363
BigCodeBench/42,BigCodeBench/624,0.5948843
BigCodeBench/230,BigCodeBench/1002,0.49591613
BigCodeBench/230,BigCodeBench/829,0.47311094
BigCodeBench/230,BigCodeBench/225,0.46682662
BigCodeBench/230,BigCodeBench/839,0.46579286
BigCodeBench/230,BigCodeBench/784,0.4626528
BigCodeBench/852,BigCodeBench/1,0.85695225
BigCodeBench/852,BigCodeBench/896,0.80687535
BigCodeBench/852,BigCodeBench/820,0.7634053
BigCodeBench/852,BigCodeBench/855,0.7515238
BigCodeBench/852,BigCodeBench/794,0.7442775
